MedInc,HouseAge,AveRooms,AveBedrms,Population,AveOccup,Latitude,Longitude,MedHouseValue
12.47065016802989,28,7.193444292323482,2.221907715100103,4453,4.40758225964152,33.45513683056341,-122.96018803415367,1.6560424049038405
1.0208020100229522,40,5.748512778821528,3.35025001656154,1696,1.7079432007638782,37.77296062091048,-120.33246498834025,0.7351629776427318
4.091030020629088,6,7.709456958782985,4.698850403571711,606,4.328700343845167,32.66074540400456,-120.80149190759734,2.048545733656429
10.683036044580817,48,5.860748980999357,2.061244744004475,942,4.179374919511402,35.22109991590546,-120.50751516991865,3.9775629225778273
4.60936188023353,7,3.496064971996984,2.942069018585051,1737,4.205831320723514,38.19061930708046,-118.09031491723964,2.7696767249999943
5.02802520782431,33,2.932724753605264,4.83971398177283,2457,1.2247709787968146,41.449240461553075,-116.74795582327761,1.465369567346979
11.437498501978824,6,6.082837504003847,4.850371511466852,1864,1.6210240324757264,38.200853499099075,-115.42006008855608,2.564755263900211
9.081863214958943,26,7.236073118747536,1.4313902559705642,2686,2.9236310774389125,36.54614736184137,-114.51775742237076,2.1380144385258784
3.566517439926846,11,3.4244465726961675,1.5978496542821348,260,1.2801905968405651,32.927051300971065,-116.66127283834493,2.4652698730371947
13.284134881874905,25,5.472661582460565,3.209269688603234,4288,4.407639964390658,33.194254591105846,-122.48359502178437,1.6342093656145682
4.6223764408380745,31,4.162861083519184,1.176414682741921,1668,3.655257700831529,33.67927146231634,-123.06356485063172,2.0805540871457238
14.182631166515982,14,8.779258142697183,3.219613769506353,2431,3.190696190738564,39.756568974475684,-114.98314216403973,2.3268707923356047
7.896025456974857,38,6.531842684255315,4.285232588549018,1021,2.2617780117458337,37.29744471685433,-115.02314045601696,2.3034694166766516
4.583867962026618,8,7.460679812897732,3.618417089574243,1664,1.9512778878987942,35.51331188513798,-118.04843798604293,3.9823217811903837
6.700235339895934,2,3.8546126758424997,3.619720321557904,837,1.9282741949971358,36.511487565952464,-115.41492996204146,2.163144713182086
3.6419859721804393,9,8.048600754201349,2.8542785855856314,2587,3.840920293068122,37.31402569814518,-122.68143195239118,0.8399905400537738
8.12842953987569,34,4.144043838389624,4.4971235038075825,4708,1.6182193368912507,39.132993788603066,-121.95787047623051,4.3568037091758365
1.0237854552088073,31,6.387013297717405,3.2809530858833513,3459,1.0469790063969935,39.22285484508553,-118.96598170596405,3.289424450542201
9.28532932118894,22,7.940877725307091,3.9516170255098246,1652,1.9608300877334042,38.956130584058606,-120.3458157891459,1.7603122977428232
5.323289986406349,8,7.077524995651312,2.7419480316009714,451,2.2811947988181167,39.69579773103426,-122.16858211313532,1.8776585435836801
14.49880180589388,39,2.367497047796393,4.8789166087487725,2309,1.5549225563661593,40.65338299441658,-118.64639114163282,1.6466696041736528
6.191250309009186,40,9.042869526560544,3.4758008887650007,3598,3.816053267612086,37.23061355706407,-121.84685463712448,2.593094162297861
12.007282320902897,12,8.335394364791046,4.455863214518329,4978,2.6196586034078866,41.45703088946112,-122.9115080711515,2.0199458717827885
8.973306374773014,1,8.74311774953929,4.292079398950232,1890,4.511002146034532,37.360171205409976,-115.96631421188611,2.774174375534568
10.653083921965905,26,8.966439703395126,4.78881400650774,4715,4.002497473716211,40.26258129943198,-123.06275087761794,1.4283619000664114
13.541928418773422,25,5.5263263168560375,2.583536092201112,4292,1.3313924550981762,41.3433609036431,-119.0123243027513,3.3835020670377123
2.729753944049923,36,3.354873946752609,3.0074504465408687,2435,3.3937131328306074,38.63259394010585,-114.51241292353993,4.1373256373639204
4.53249734202776,32,6.908381002992881,2.952885481517331,3477,1.3099467989052451,35.82874903340887,-119.02695813045895,1.9329066110711852
8.034075622774045,12,2.5739073118191937,1.0727122168741343,3382,2.344845150824346,39.093733919637195,-114.38104027640074,1.7050157494802534
14.501876832117258,32,3.837678582042228,2.662910924718845,4200,2.6824367003609844,35.66948345980454,-122.54712255331938,2.331454413007907
6.387905598434326,11,5.435460289570612,4.72594184090158,2314,3.611000623027029,38.585498896767106,-117.76567733586593,3.4586448973339396
14.81135267164064,25,5.280564189836243,1.7708099954221903,742,1.5237254591357434,37.13164507936239,-120.43274127067397,1.6225006933688304
7.546307603631034,27,4.697422247513164,2.7098519551051115,3353,1.0190676636632334,38.50744381895056,-114.39227682096546,3.312499604844586
3.102511360227027,28,4.726575445837374,1.1514254972492037,1482,1.4642990587164757,41.668761629509,-121.22347978493852,2.3207445088118024
8.633815549892493,33,2.6284862985385162,3.4601833254622156,2051,3.6504590843236926,38.73609160078977,-116.68692564455054,0.9872873302146401
3.516253211082259,42,5.3519541992588175,2.3960346953770437,1055,4.097414824723054,35.655978921950805,-118.26598476577954,1.275590977686471
6.057158431317964,36,3.72434280569687,4.7339440753053506,1356,4.414474403334356,33.84436382217156,-120.87894319296205,3.7696815620046698
10.298750707215067,10,4.321224989806597,4.9753374190342585,789,3.1230673803837905,32.950814011069916,-121.28027649164919,3.4150866770744313
6.605498716141685,13,8.647721272392808,1.474550706822483,619,2.9609460009053383,34.08392740520995,-115.18199093310969,4.952709455551888
2.19111942265738,5,4.830933156023959,1.8743504166220228,2352,1.2694475379005632,36.685077401599486,-120.40564333384998,1.555213205199685
10.960853661534554,26,9.710687183709922,4.470818978084468,2760,3.1315928788748026,37.59944336894068,-119.54687489375964,4.372689242101426
4.340746709729255,15,7.699101093815917,1.4872640319055486,3916,2.709027157188389,35.31826270220806,-115.08331582604494,4.890447909891346
9.87547088633197,46,8.0780457413192,4.374773601996762,1858,3.2122173018273408,33.762470996121735,-121.66054493259158,2.2807099961136466
13.942853815634784,38,4.9553449332491795,1.4484868595450808,4892,1.2498492303484148,37.363813670337095,-121.48567978545097,1.444445455536952
2.987433648906641,35,2.0940798369949754,2.4394478197359284,3664,2.404770801472818,38.253196251017236,-118.51560374079295,0.7763325699052154
1.86079445617589,29,9.736597308420983,2.066757623512297,4218,1.078726665404588,41.50050916757051,-119.71732475984986,4.874391341387329
4.45495299229534,48,8.733576430824625,4.370952359345894,4361,1.638869279374953,35.098953726516534,-121.89420666183055,2.8436980847356885
8.663419611577075,14,4.869242180079428,1.1454312005728289,884,4.059331555218236,33.493773377422194,-122.52811465372416,3.1151819977327064
14.71986552999156,28,3.2556159027502494,4.927032855001611,1038,1.292028552378098,40.234367662041336,-119.1375680381558,3.3738959313590247
2.35698662360363,40,4.829599026021678,4.893328222905798,950,3.5427298432990466,39.89821180365249,-120.13103691872296,1.415398296609048
12.44707644131398,9,7.872204860672206,2.1318534747106805,993,1.4039357523849247,39.46403628178379,-116.0927751171076,4.282191923666974
4.811803576518949,38,8.852193254380513,1.0648673704023075,829,4.304082601049448,36.93151866679472,-114.42139144815462,2.9630753207544767
5.808827076842899,44,3.819054647537622,1.8897436834314125,2543,2.552847363396097,32.63324877590068,-120.60061568335615,2.8380025470346437
5.859339364630138,4,2.224214218092909,3.0074404499642933,4928,3.9008435702306063,37.39000554027024,-123.4253534936745,0.9605672892732466
1.2722426618761538,21,6.678170601345665,3.6284754960483556,4244,2.9275598444348048,38.095113320635406,-118.21126004482963,1.1054717723955705
14.145529834067194,6,9.17456985418758,3.481981430280836,2899,4.554290921536163,35.07010547422214,-123.86210770051811,3.7160324098657282
9.69149491413132,33,3.5195200209790913,3.581104390214528,3498,1.9392082354281484,39.21325741233861,-119.88596969763941,4.941040929886076
5.02889048696864,46,5.686958066710347,3.016471971122174,4409,3.486129982156006,33.00880238589515,-116.19859438490585,2.5593140224467024
4.195683088781354,6,4.099063196994754,1.0441857618483077,3465,2.083767080225188,33.33189419638817,-117.83834230452192,3.0890434453824422
14.69204220415505,14,5.552497468553729,1.4170370994353063,881,3.1321043047196855,40.71507620638851,-115.59699333177244,1.0280722634893997
10.825537172091247,3,4.090980388598354,3.4906475880540837,3439,1.2310492653796534,35.20580253081062,-116.829294096795,1.6239581624903823
11.399752620939068,7,4.507849681118417,4.295702292391614,872,1.1259857474200787,41.579244652857945,-118.94087861173483,0.789525813181251
9.556273665882527,29,9.91409156937673,1.3588374555410718,628,1.2623474530826497,39.07600024804424,-115.77599211071815,4.944490606848297
14.63148589687126,42,7.534063659396763,2.2671250804494822,4298,2.949887491988989,33.773073303825036,-120.11067987473724,1.2690993733187246
13.58389617528793,35,5.355746938266722,3.8223420992245276,3213,3.3915717309873994,41.956983546189164,-120.97714323516672,3.8709414135656957
12.904333397292234,18,8.534482611019826,1.1001062982444703,3429,1.9414579104941923,40.8513773780548,-123.00602737639096,0.6644949994676368
4.300354908102094,24,9.426379275184264,3.4632271374116192,431,2.054917827451142,39.34646583165202,-114.71003680154098,0.5577236037262618
11.976143019007846,17,7.91220970208234,1.7381978771132274,1331,3.9919497004216966,33.93310530434772,-121.11117596804108,2.4985893805982347
9.654689808886712,11,7.31664592054535,3.634242091214224,3611,3.6895368518221976,37.61809463731508,-122.53277879137187,3.6835482096157808
4.207273025374279,49,5.022217637574739,1.7068742490660864,2330,1.510360131057018,36.21940178925131,-121.66108375134218,1.5147249629325215
2.9516437783845415,4,6.38716726980845,4.104182111658913,920,2.0284252755061463,37.122099092464595,-123.497990770824,2.936694973873217
11.77521019710471,37,4.027805804791355,2.0469797501324094,158,2.4245622693366995,33.23095436061948,-118.95633677060162,3.9604664040928914
5.403896765404882,48,2.0914903624311316,1.358388596985355,1329,3.6243778080134716,34.510811373047964,-120.07780002091341,1.1547126166406791
11.877140028094953,26,3.1472845557973566,2.019136996300083,2564,2.880398934778957,36.81832414232632,-117.81500201912765,1.5724737253251664
11.823821423682695,30,7.833560776283352,3.925350009097259,1097,3.4179144740934535,35.495890454603106,-120.95095062651654,4.780963832465316
13.45168746559116,24,5.1019825396723135,4.685053451022494,1159,3.8777805804586336,37.42965231511272,-117.85625299607119,4.101070734395962
6.422768188048292,26,7.702886046173035,4.5810767453724495,1308,1.024153873298007,34.890798934168984,-120.76371168735766,2.392973939730554
2.318356730152035,47,2.6703999582773017,2.460136553781618,2858,4.036222223945289,38.67087075385339,-118.05658315011826,1.8932846090860738
12.58921150036273,43,2.708118173758889,2.918335180668607,1174,1.3401929833069763,38.381718456726006,-121.33718175470668,1.223287472200562
3.8874415939289966,1,8.675312366218137,3.387930238912239,2821,3.2224922481206497,32.4961651538915,-116.12049566630296,2.671747196762624
6.00844712877722,37,9.847354659993929,3.1818886099389405,2527,4.0388161535621165,32.607699263039066,-121.60729239002457,0.9469318787260366
10.744454991792479,2,2.1625416024231257,2.149307798493707,1261,4.8698358275704665,36.6999495771784,-122.18725843540165,3.7520313164873507
13.266616678345217,4,9.401535194780028,3.014696842956044,286,4.4367016733688285,41.54232291224746,-123.98458726648957,1.2454370834111046
6.08636448806732,13,4.124206276131765,1.8212379600035296,472,4.862902800328654,37.936241026216635,-119.32231351767078,3.156428033702651
6.373097116740994,32,9.203055206203747,1.1981429189979318,1075,1.4208186693112834,32.0157909985154,-120.98821068791744,4.637173244391616
11.229721005518682,14,7.581729590639567,1.9869471188107606,4259,3.946203314817558,32.16450327212357,-117.50367006017652,1.9939818581610278
13.671549320027596,2,4.420316329227044,1.631131827001612,1371,4.736554991174324,33.61797028043386,-114.04921264374721,2.219902408669073
5.183212221744775,15,2.3076650105589573,1.2264487123671723,1362,3.217178025055701,40.905669513662474,-115.2459729719099,0.9265263260508037
14.740935745143211,9,2.04940666376982,3.804949150585357,402,1.2663070258706761,41.22738055739124,-116.90306353157784,3.175238623261254
5.804253000070685,36,6.0543688385017225,3.3548216935930326,943,3.723074842523306,36.65497639654443,-115.48526362321184,4.483647736799806
5.077623849915789,31,7.762916816372534,2.5582710040758347,2861,3.512728258892429,38.07993440180599,-114.68102247182793,1.7303023793093535
1.3241104937806698,2,5.539526008385057,4.216608136938399,1332,4.991726465841433,37.32240179632935,-117.38955883780002,2.2727101544118335
8.695271784226595,49,3.9719238341381606,3.8556615090946287,3641,2.4888287757597065,41.25673026948985,-114.05138058224624,1.0485688717918054
9.566289602300253,33,7.527849426165027,2.6722670784576548,1541,1.4315200872866765,40.99384960282357,-119.15801129018264,2.400000037581581
13.52402263072509,40,3.126145004945749,4.524476472984055,891,4.437400302361195,38.20061862894869,-119.60291587780131,0.87164001226585
6.501294854286458,47,9.191001358050475,4.33244796321375,2874,4.803592858312975,35.79140683275491,-117.14512550338816,2.2846628212436944
13.936852748239666,47,3.4399844861904274,1.08379578574641,4828,1.1035916167903825,38.902819252951915,-120.94665365032414,3.0672487127676873
5.840845446626961,27,2.3177827021071344,4.110515620846073,2948,4.554403316292391,39.517707500216474,-122.19611870080006,4.693848955183667
3.888273141841145,37,6.485078058528617,1.993393378102931,1991,1.4925740456076895,40.99425954192487,-121.17983950320404,0.8827265234439259
9.58206712704821,30,2.1597299115853206,2.7692698739324038,1848,2.113482686347217,32.11894878893279,-119.88011183704045,3.9234136627442706
8.340001147538283,25,3.2367567199750233,1.1573689005301513,1681,4.001819909655851,33.45908539902042,-118.19852297293545,4.861232149779238
14.791393674391458,35,5.371618153610384,1.4320572496619528,127,1.6035595273570533,36.01516714285966,-114.67970086709914,4.245549454276654
9.473371375784103,26,8.302654720376344,2.175409622873648,3493,3.7868413738324604,39.4898680749707,-116.33959074501306,2.684802805023744
5.765092104960519,25,5.504528199262356,4.5446604150272005,4697,1.558916012744929,37.95798927653016,-117.41975870583654,2.4512341829526756
8.586999013379362,2,9.138696317136485,3.439795626952511,3389,3.6657832053314903,33.26902511763444,-121.23301824270864,1.971093727337947
5.032506631722091,2,2.7300436067007237,1.918074445641102,4357,2.233103859292591,41.77384692815547,-118.85663576356379,4.405846882412504
6.547501898301774,47,4.6541407338048035,2.3900953762619728,2280,3.6905096294511965,41.89831646911831,-123.67131512847828,2.5839880424874018
8.36634595626668,47,5.6756849081895595,1.097561840372248,3703,4.955818105213007,38.722865201591986,-114.19696270398791,0.7897824366876176
6.865616153933278,37,7.995391293789599,4.681225619534244,2027,4.3525929770444165,36.8376249665882,-123.23535426730346,4.522021189673014
12.1067868700259,35,4.370523912470994,2.0114958823738203,4655,4.687435099922567,34.78664958699472,-115.62520914712645,3.844460007546167
1.4735204302331402,44,8.035439348973442,1.371717491390473,1709,3.0547228508686115,33.604365759924946,-121.87879505327761,1.2623756274340567
13.133234206173215,7,2.2398042017763773,1.9433221255648192,1956,4.78338729551964,41.300303084895255,-121.24860977351247,2.2902023597551304
13.449429909312613,18,5.4249499462918545,2.845352956987374,1204,3.7822689410768735,38.591989466237315,-115.99489053770203,2.8301451767549857
10.294626117289889,33,9.723814668752357,3.628578500402163,378,4.665266637304029,35.42665407653348,-114.34699858512163,3.462684208935625
9.449493634701819,13,5.869716516680021,2.9637990586199536,1203,3.9241277583107097,33.60957690065679,-121.15671735700553,1.7909506989321198
4.449528404936697,31,7.312193577172954,1.8816585751648054,3939,4.645568326241144,41.778048378154985,-115.22422033403274,1.8352100448527366
8.012848451782219,5,7.850356924283942,2.485493616310083,601,2.691459639997283,35.203316527254515,-117.47296557111227,0.8951650588615045
4.4977183856099,32,4.032918512949219,3.2486300327896918,1529,4.119505849513853,41.98755230430258,-118.60607358745492,3.1545855742791327
4.161625606683113,46,3.775165429486936,1.9416281708567498,2301,2.4630057549203515,38.624510927387576,-119.83557169654574,4.4823145441353756
1.1665338796501812,48,9.303336964043185,2.6249146709084665,3094,1.7344294073730948,36.11137324712236,-118.37080375624254,3.373095701284768
1.325656882949775,18,7.654256248541033,2.029499870704754,4506,4.876390334252352,40.904847791516204,-117.26209547586848,4.959680135320864
13.878855595078363,42,8.325255229286117,2.2946129098356627,3444,2.9691354955529126,40.84600858440479,-121.22546633581561,2.605522973001408
8.681136221120617,17,7.331033491803595,1.2367545024655051,1972,1.1097116960779103,39.517447421563936,-120.84769598694902,1.4433601182856428
6.30063260924409,39,3.10898563494382,3.367681245606476,3796,1.1210718856307107,41.222444058201575,-117.91925906020636,3.820370619120605
12.636473553855657,37,7.2810472453122355,1.328323038781532,4625,4.066905296977517,34.38101349577412,-118.50922215094627,4.470846350386239
1.9904388675791482,6,7.297014223049065,4.531055832509796,453,1.5565312634212694,38.65288169194583,-114.1772717122235,3.887522688722501
6.127362794698854,36,3.96373784545269,1.3546886123369632,1752,2.1230891660043576,36.122016644465575,-118.19481567665176,1.3580990082420918
14.67656331077489,36,6.236302225773964,2.4291600423300643,2883,4.932524665168579,35.29495504774786,-121.9806847723073,2.0685853037511817
3.230918549493275,22,7.552804341838264,4.146024674674244,2497,4.335959397017887,35.392566130884944,-114.63887484804393,1.357307147623195
1.1304231182639781,42,2.052296594288764,3.2354209825354507,778,4.58988779002524,37.45511956522967,-119.54774258993437,3.109610439923168
11.365390002298184,28,3.0917431739635406,1.044042671049561,2919,4.568900517619182,40.649677252512014,-123.71395250429906,2.0657940655846394
14.565776422899209,20,7.565992036937682,4.758663723286266,4386,4.852374653414002,32.0319069200618,-119.2017205118619,1.2976328042149903
7.855669153823056,8,9.062840547225246,3.910730896567111,646,4.39909305281733,33.66313696368907,-121.53776291828247,0.8463541691755101
5.941717261610891,7,5.8894244213701485,4.654852261170253,2850,3.248738407592036,32.34596975948682,-117.10594785941176,0.7592649711685142
14.867999887084167,48,7.9776774479883406,2.5294500432605616,978,4.677134014573323,33.664074831480455,-120.59548907725095,2.369996412247601
11.855559638848442,26,2.3079877100118447,2.8257433251762234,401,1.3346517712959063,39.91935192757256,-114.26782334336644,3.33273066962582
6.24042293575461,21,3.9418934775298835,1.7321591863935168,2688,1.270667143769057,41.24216499834345,-117.1647804676122,2.485208835691695
5.507198069474983,25,7.201927775703551,2.204539908465525,1045,2.3196918280406513,32.65660006666789,-121.53153714750327,2.2772208822212665
9.075239225601536,3,6.53968728905854,3.8917422589695203,293,3.4713926647608035,39.32566565408444,-123.35447719139238,3.982186994690936
3.5452145238290758,36,9.445233161103417,2.702245371544826,1896,2.7229522194232683,41.87939074416774,-116.31712460194318,3.185133532224392
12.260013814121386,29,5.8555365296176,3.394135873313052,4873,2.0109283292627946,35.21756388330049,-122.07368583970806,3.0327983755481736
8.04463467147618,18,2.2036318380217006,1.7022644979821422,917,4.746554018649867,32.20604846752264,-119.26998749628004,4.865227738235036
4.803011775673463,3,3.825858419052425,3.884868366700168,2415,4.018146818665468,37.27505396559506,-115.41396561440625,1.3593953793024995
11.473372273856832,8,2.052481637569316,1.058002689813716,2003,4.550199073488738,35.36139732331454,-121.66403526952818,1.5798726629113031
3.0613877721193363,2,8.001821380736164,2.103098677286173,1600,2.6069399010808074,33.65846607610351,-116.07857669918211,4.235573173074242
9.648385320996555,40,9.030520376400284,4.2609005787969245,4612,4.186723338282971,34.7641440626483,-115.69699035788373,1.249816459396983
4.139283538106307,26,7.2708764471500835,4.255250575951619,547,2.5012175075740526,34.370525692791595,-119.2044622092784,1.377214674363861
2.7488372315563696,35,8.652999289882278,2.3345333530444523,2273,4.9625367165813685,36.71770286975157,-114.2873436775301,3.5815727894168488
2.2788267268135423,40,4.165271788765758,1.8088928209385027,3977,2.9245809904042366,32.07383022854183,-118.13839934837009,1.012934089810323
1.0672349365669516,16,7.065625925496097,2.7897548530829144,127,3.9958990386473188,33.64669686292588,-122.56688413897872,0.8040782756628336
8.864857800927675,21,6.905609071696757,2.3148077592445495,2222,2.0414676142095796,41.95065431547828,-118.53029382594382,3.5505274273443876
6.073021846615013,2,5.5724406113289096,2.821602833529604,219,3.0543983081202204,38.085600107652795,-118.32642757892641,2.6514957468875124
11.58338145605439,47,8.749338441154283,2.4007922277922016,4104,4.339483010635927,32.176624646710245,-120.6334666727905,3.021456012504288
14.17267405058846,33,6.545933629021827,2.8805212458778406,808,1.6999796869276054,37.20269398691414,-115.73575539226164,4.088804431613978
12.362333099558343,48,8.008864922565486,2.341296495145571,1192,1.8304732925987501,37.62659750946999,-118.16139793461937,3.4596199627801916
8.794447132809939,15,2.16406659545982,3.3709813322412483,2682,2.211817336423955,38.33367113968877,-121.69877706470783,4.733514241411452
7.925140299373439,46,8.874148023599904,3.609260526505089,2270,3.356046736182639,37.880104000943504,-115.76054059280386,1.0654062330827665
8.692053490667188,13,8.126624420242203,1.9594628696899532,967,3.472867673499215,36.46218927272875,-123.22041149832506,1.936428870345374
13.722547676465974,42,6.709115829230535,1.3069019708192888,3484,2.078698414486857,41.38539206912603,-121.76489322140908,3.0365191517129784
10.030400659794346,38,3.7080145601680545,2.457144393779535,1023,1.6105692578916635,35.09729910160876,-122.59397004582097,2.340275553317563
9.468955658124544,20,3.4956362009225757,3.553571495266071,3275,2.4631095029401378,38.37259299598134,-119.84090744821086,2.2193046641486145
4.003587555495787,44,3.3794649779182517,3.00469494968852,2086,1.5318437173011041,36.52879354927584,-123.96398730688074,2.4801073282176955
12.280712138667546,4,6.292715358404064,1.879713358082797,4480,1.1755491086189327,32.68585263090739,-121.68363870599019,3.7351896815423578
13.788252122129546,20,9.162200251292207,1.6688607702097062,4193,4.51466842944666,38.44330468394388,-118.8030533002021,1.0784852840681458
10.728662352334139,28,6.8078610616130435,2.4242815167443115,1063,3.1658768123145062,37.608786072766264,-118.19724109894321,0.6691258294019404
3.69033667924686,39,3.4637888597459767,2.3166819829442797,555,1.285524004605024,33.071204447700055,-114.89007532129659,0.8196201389665554
1.7565863765553338,10,5.604978972352465,2.4089503533930996,2939,2.1356368440629976,32.744271186896185,-118.18884515765046,2.759323361336162
4.570972307911656,26,8.624243517767322,2.5262851343517148,4562,1.3800336587813256,38.79622760738748,-120.76567340781511,0.562127048431187
8.229731399991476,22,8.016254451559174,3.4492134466330575,850,3.4511230818693135,36.07802510117422,-118.81089848731263,3.9281487972147415
14.252308003710379,1,7.717835501837421,1.7047352996271403,1077,3.6049137788040064,35.85266658782069,-120.1072293491893,4.37305671594202
4.7970603967063346,23,4.8504126854133185,4.5841589219597045,2698,4.39895920192944,39.69524712293379,-117.56609467199985,4.548876946838078
3.5911132999315667,42,2.8590586149979114,2.714015931412792,562,2.9107407685002,36.549990303000214,-114.80566312766051,0.5735170459141801
12.325916222066963,8,4.037903749785853,3.516855414927564,927,2.8681276488000518,40.058599176256095,-120.27904909753101,4.696395446791603
2.6177585556780367,34,2.311500471521584,3.6125963739385414,2736,2.355070969896867,33.593023290082755,-119.9831477568189,0.8253039883188396
3.127862214430741,43,3.3832125511790485,2.5622839055112263,1828,1.506167949778848,32.626467939331945,-119.13843195582938,3.4220263321592137
4.3473116869475525,26,3.945759565892141,1.291454172112894,2985,1.857592157049893,34.200828484056856,-117.41504211916967,2.562941844260809
7.830805315506525,11,5.900737342480609,3.3677820910787473,4805,1.6396915249642965,32.266316769775145,-114.07297552909603,1.5368689556390889
14.606409401574563,41,6.956463745670007,4.582893000109149,464,2.178687249140747,34.29231430486133,-122.1093483471623,3.783016644814219
8.267240712840078,1,9.776613095643768,2.6064421551735144,2372,4.812787137072334,39.01677773841404,-122.99005460351246,3.9779155037984104
4.5515486700798,32,2.6353981162054625,1.8398645013313337,1073,2.345209713864888,40.55139367302926,-119.39796247016727,2.6822985236525985
2.556700248726578,26,8.526485520990427,2.658262627300463,4779,1.8991272683672862,32.68531535922571,-114.73801270789393,1.9760422407609004
4.038652480302527,49,5.786915734010693,4.413341663966097,1613,3.4708991121604447,40.391797757089165,-122.36115666263818,1.4502754910337017
4.2844522755781025,1,2.6311130149686717,3.984679851719209,2909,3.806961951895165,37.979109322314,-116.93998500994897,2.820983477885964
6.578552792905297,16,5.826761662612067,2.6887565963975293,2446,1.4988765596733886,40.812358454532,-118.79576987130217,3.922186325548039
14.242917084317543,42,5.8549612613286195,3.189879954744013,1654,3.205568286556266,41.61047440748076,-122.51743242642297,1.9247268427451707
12.169743268902819,26,5.627833625082679,1.0667321861466021,4263,1.8502792938513157,40.906450037612736,-117.31586061666285,3.9877279376181933
5.2514661996302925,28,9.222899773229436,2.6438887343342605,1064,2.9607908826188956,35.37270187897953,-116.42527459654285,2.6771047341589815
1.8566342782196246,20,8.16788788632026,4.475538975537372,3069,3.9402505299810944,35.910122172840346,-123.17998959814841,0.8274569913172545
3.535615543649582,11,4.4906426098514824,4.241523000896186,3055,1.8028463641139734,41.13979862576411,-115.17591468985229,4.70873576400962
9.962553541203095,1,6.289825754927113,2.4374580817837885,4799,4.076423823398848,38.66230588267849,-119.0599127892454,4.128537704732597
13.247383871015963,20,5.423056065885709,2.943488158088228,4884,3.6637989683732557,40.400159523778356,-121.3805872960398,1.2658999833547648
2.6140755420532127,37,5.153649260967024,3.573654996837821,1266,3.0655686168435916,34.75473691786677,-114.47323377828891,1.818008554619721
10.147357782009674,43,8.319334072355915,3.4021606377695885,158,3.5455439364939894,35.75066511566296,-117.74699427927132,1.5001047785874624
7.583715583944714,4,5.799033718729843,2.6652644683817246,754,2.5242054347764262,32.024091279829975,-119.23594043076665,3.7797767563807656
12.099033533452607,11,3.984817165891907,4.9131950793732315,4189,2.6229198434703846,41.66831212342305,-121.58155418850215,2.241828892921444
12.34376333895905,32,7.970970443453615,4.967894536431313,1610,4.7089770336167485,34.297262695511115,-115.7532755756944,1.423758602089109
4.6585222649360185,26,7.6345953236464235,1.3591407257006871,2451,4.037456641557517,35.036217556044576,-119.6733449497826,1.2339272488543667
6.062917792048681,2,5.137801712061616,1.6295157460697975,3868,3.9360438635640533,36.403889143090396,-121.43999226944332,0.5593897898493505
11.940551408602184,27,8.044893383491823,2.2731379872500765,3306,2.1842843881411667,40.34339015834948,-116.4932130093296,1.8893302704909622
11.231031391280972,12,3.0784072794461093,3.4376289434737872,542,1.255438852574437,40.702908945757336,-119.17455572656264,0.7955328057001488
10.644026669934421,38,7.121613703877629,2.9956857008771154,3355,4.620398983530372,38.11395681175221,-118.92963292899233,0.5495840864347786
8.18361697424499,19,9.799826933029628,1.9289108952397638,225,1.8516161162593074,40.18159765386369,-120.04595428204311,3.2758158619841296
5.866013296470147,9,8.803491859914285,3.1208310150831817,1378,4.968069742311411,33.054914399718704,-119.61983534739095,0.7079483397201234
11.742906867511772,27,6.998072782023738,3.8871962873622383,2992,3.40070812045574,37.07160816394571,-114.69014874769624,2.1319641670218497
5.551376626458632,33,2.617805504052675,2.0378708630475884,4738,1.6251530076783292,33.70306537477124,-115.96163379262565,2.5406983748057996
14.065644011896493,4,4.802611684926967,2.3278775163928556,2551,1.684119691486576,36.15823027940173,-123.74951691614798,3.0038802572609424
8.860839100527638,11,8.730823397276485,3.5924817058211076,3862,2.330637734899257,37.082111134150225,-120.21042036223204,1.5296428446579575
14.536726423439447,29,2.3266425441378527,3.048796425577662,3897,3.246620962904362,35.42530679104713,-122.1001679083074,2.2212813945235244
2.6025931554615345,13,2.5908131184924708,3.0547550381799193,869,2.3416921543803126,41.97794665795192,-118.63039825967444,2.6347431744866934
8.689706228170909,6,4.7315721499643635,3.9327482228899107,680,1.517606484134224,37.09287585093765,-114.763893428914,1.7765455778924846
10.32766908245615,48,5.2395093764370335,1.2623729281017542,1791,1.6140756047377396,35.05630330917265,-118.9549530541277,3.363356115621778
3.9106208533726257,42,9.052882197013641,2.2359911834017816,1322,3.0538344795430343,33.64952493313249,-114.58498807755457,0.5647613286827768
13.396459120556926,45,2.4254742387394943,3.421560847229536,1001,4.907570275665682,40.535788159637534,-120.50565071130286,3.433912378272141
14.660140618279517,2,6.001723618480015,2.9107394548337213,3541,4.5317712329348785,35.13622282111252,-115.56502614888598,2.2047255276677133
11.660649554881862,16,2.2394611040445653,2.819372611835563,3664,2.4622215201665534,41.85705677032247,-119.2318167821795,4.968342534632362
9.365149351560468,49,5.346756457352735,1.0808676982778707,2799,1.918992585300928,34.61579248438782,-123.67470106475777,4.355000014166839
2.3377641929037942,25,3.349602834745971,1.8510365275000487,3787,3.334420568661295,32.309358047162924,-122.26357173722505,2.949852673300778
13.845027989202809,33,4.7343114591222974,4.465059945898506,2481,4.485016685060932,36.180099279385374,-114.47015532542517,1.029275455232216
14.88120971527387,24,7.451918598815859,2.6493955179676787,104,4.518144421448235,39.690620813851936,-114.31321464920143,3.289396867012676
8.457690064825446,12,9.364993801230156,4.069186008386932,2898,2.2448909261504397,38.502197365892435,-119.83185050298584,1.51958593508847
12.024947499794106,40,2.2258595555613265,1.5658475661775855,4057,3.544740176496784,41.48934617063005,-119.38971259726213,4.001183563112429
4.549273970353116,43,3.230469032588511,1.1950330176680457,3909,2.1491095075349884,33.97921456688873,-114.92357279896399,3.5330412637979594
12.119965383925482,27,6.469750970267205,3.572181495049192,1162,2.4324369627214204,40.35138724888988,-122.49915249792663,3.7622657682579908
8.592870199408763,3,5.544588817905123,4.786137845205666,3369,1.976080080486443,35.52493866936989,-115.91767691947567,4.63207072616133
4.745265581971466,25,8.973916612638691,2.7151945964345274,2822,4.2294839279979435,38.40545295770185,-114.41396377214105,4.684623571561264
8.160856486744954,30,6.953662685581934,3.341496318882173,4101,1.6502170978633002,38.034314995388414,-122.72750675761199,3.627291998854365
6.1423878502973155,11,9.018497350536963,3.8524280226918237,837,1.0793328947049043,37.680842097404216,-122.38268155557748,1.884056464003831
5.447042492019447,29,5.945183515276142,3.8929908754595064,4035,2.824508405053874,35.71325455520135,-121.66087739946461,4.757188059566932
6.972718356949832,37,7.546231104591646,2.312770107596475,4901,4.691291501090845,33.22441279556923,-121.63798105182389,4.6199125008297095
13.081459065217247,49,9.40622254209059,4.7933245312979516,490,2.331224677035373,41.01281938629925,-114.53807794250505,3.494252214056706
13.542666396536987,37,4.878397545075173,3.071353228989565,1841,4.374937326228041,33.45032473595427,-116.93349369111547,0.5641195334751192
4.888859573235756,8,6.945869443470668,4.442593727002688,3738,4.095249193967606,35.33520035140695,-120.61274593583772,4.838622597132818
4.67643947554571,18,6.109709158520669,2.8750740781954356,4929,4.173513766031089,40.09810496795353,-117.32450701053615,0.8834163372639139
5.02412744809617,24,4.707698341183297,3.4213655057066448,4467,3.997519241350226,33.63824532200889,-120.10244404019616,1.7734078420175998
12.23554206823136,43,4.5226922712315885,3.7414448102178874,3070,3.028422393281522,33.473713026358894,-121.63256245797729,1.6400145234483499
10.639863692680306,16,7.305192296116152,4.370673351386279,1744,3.6365158668102557,38.5542005627666,-123.0370717201879,2.210852060219815
12.43135208444192,26,8.363764464789654,4.954583097938507,1638,3.6731804986942804,32.97225645607995,-115.80791257699524,3.297515148693537
6.395446934246587,19,8.152810927256752,1.7521845819673967,593,4.308136173560301,34.91564635101258,-114.92974190883848,3.0642027230096303
10.880740226631554,30,6.134545470481995,4.338513055913847,2947,3.9661078461729438,39.34300610309987,-120.766699690893,3.4937488519767532
11.712379897228113,15,7.1152537015221755,4.833819208894136,3841,3.5918343715405405,36.23318840852541,-123.47985633013482,3.5379735200504596
5.548074604275513,45,3.9902628248991263,4.792023949743727,1528,4.091333392781355,39.86083443698443,-116.94465922425454,4.263555617366972
5.417082121384519,40,2.2614576888177975,4.150829013560678,4073,4.169678498286642,33.53146498115406,-123.62975099738244,2.739271119776312
7.87363737829461,23,8.114533139308005,1.868240082485792,3228,4.77544533669546,38.93979167929793,-115.67618045354246,3.393586038019756
11.13698893261193,6,4.169059508979969,1.3928585278274106,665,4.253277714883326,33.94562554304113,-116.56320268303541,3.9871259656282816
8.096053742661539,6,7.031184959649841,2.0928823746342053,4448,1.1125910420239746,41.247586708661366,-122.4547274099133,3.185086888629159
8.918409096152299,27,9.69864218787474,4.417732338196378,4461,1.5224708527595419,36.95283301989415,-120.08042307733102,2.118001883395138
5.35036838500749,7,6.867142670219198,2.912119316871927,1882,3.658290739802964,39.28920071768186,-120.21552991783894,4.457676025107768
6.280802404983074,11,2.612906171440649,3.4854817908539633,714,4.24510564238301,38.07499084298395,-118.20750068143695,1.7790369762497833
4.156883281056818,31,7.06764945240812,4.034201964298967,3952,2.537165774455269,38.50388531287208,-118.37665342295526,4.5285889201767
1.984411464796028,19,9.481843418462628,2.205054757073086,3425,3.9445120715691386,32.26234621726197,-123.16239900798722,3.0078246528983024
2.2943738290387046,34,2.4187714043993163,3.6526350138671306,1155,2.2409896847908333,39.020867402157485,-121.25250066284913,2.997001563527908
7.213153201416557,31,5.7477720561415415,4.167907893102073,1059,3.118656187385576,38.249531337906575,-117.82685616052777,3.946316949004718
10.436203472459862,15,3.1901297727519005,2.1921667864125363,4580,2.0809076266988096,39.256029343776255,-114.73194244444625,0.6249638418623356
3.1630982504564154,48,5.464395724365565,4.468703305695763,3243,3.564792871325833,33.24935458906159,-116.15837421054866,4.587671287808619
3.893206151875966,29,6.516985629830013,1.0891224053283133,1531,2.6881478625341604,32.34322680910962,-123.25815541491602,2.5269893771107808
10.285331043773141,44,5.794175126546525,3.432532597363153,4030,2.1696886457878044,38.43434028865485,-116.44420381582604,3.9250763047609007
3.0065437327130144,2,9.092851907183842,4.2800175957841535,1138,3.1575319942250446,38.174353741496205,-118.15193057603622,1.609711144730686
7.219620928422296,46,7.329460743634744,3.6765008612716152,2438,4.267325125121193,36.06788670546749,-120.45281165158282,0.739374585122097
7.500819119809763,26,3.9732694449106924,4.060226805786098,2657,3.633408273967485,39.55765576734569,-116.0628717286814,4.48488610824568
9.443749929206893,8,9.251708983568872,2.1513702372201005,3112,1.0016079824573607,34.26107896366787,-114.45880904131982,2.307834687808982
13.363014879621389,49,3.030737246601082,3.108478617699485,372,2.573386322752505,39.506575274793676,-121.68510106636995,1.1247186580016715
5.537805182302133,7,9.892324594642274,2.665054550245681,4621,2.948311351148543,41.61112071655615,-114.56733500710924,3.729984466062403
13.087102681591801,45,5.248260367781554,4.026923500265436,1780,3.796895392306779,40.01392186360398,-119.18822858135819,1.1687657811442476
8.787573405462602,22,5.253195696886686,1.5876304493574334,374,1.2350049472826434,33.053640864543375,-118.25954501335515,0.6944826334683175
5.588636484556343,33,2.671244103172369,4.4185158077965205,3812,1.6950698514372888,39.42265588911302,-120.22693709235288,4.851128446838604
13.142067608978964,15,2.8102933008989757,3.042259868805682,690,4.948847358191637,33.70115508251416,-119.79910886178558,4.154452635384219
14.105273065291065,14,9.073316811073182,3.1587118361183997,1471,3.0535897278501385,40.93267389672911,-114.9788813290215,3.732502341479495
3.540788908719642,6,8.66132875619508,3.37727714662446,3839,1.2789156553429857,32.39275638908717,-118.37746213325268,1.497288875837051
12.740432150643658,31,9.08967209610049,4.471739802705995,4815,1.7595547048396236,41.54839947545014,-116.96345414172572,2.5609735198493557
8.082337324420347,28,3.6614451222183906,2.3822309094829803,196,3.5955800481071276,41.17119393664913,-123.1595372463875,0.5036676925576988
1.340322886316169,24,5.07589388189617,4.305236691628723,3542,2.9181991346634284,36.62333404135487,-116.11085430566908,4.336029858045885
3.210710409038949,43,8.141574441775473,3.5684171304179375,1449,2.0765544756444902,32.417524692030646,-116.84314866703514,2.8651112642626835
9.27698946312665,3,5.9883158849919775,1.8411348341969216,988,1.6347979289258552,33.99830750014055,-121.13380951783272,4.008561362740849
3.320309129964646,25,6.421173474649003,4.641422300372744,4821,1.294863271463008,36.81891965634305,-120.72085231255339,3.4867938128509577
2.502689196609288,26,9.98410365380383,4.582829844221534,3312,3.522023976983645,38.860958958935086,-115.88538805089294,1.5450029997398345
6.0733935107992725,18,2.440888881787357,1.3222989618927636,2432,2.7876056661929,39.87881355703464,-115.29044961068847,4.8775720838789915
7.409681977693889,7,4.017265296151476,4.336932925972814,1942,3.473488977009837,34.900935296096236,-119.40337317545385,2.9172935183397275
12.464273338188235,18,3.1173343531697606,3.2720527254207297,2465,3.1753526430859544,36.27798274020808,-119.62042363610384,4.242292620923861
4.9210697872276254,18,6.086008795051423,2.2437011214337192,1691,4.059172597332976,33.795116007317745,-115.51393387262505,0.9513664251820297
2.6662038105552752,22,7.181663940702657,2.29497278306381,1463,1.6082614442471477,41.33336753964656,-118.81290109399997,0.863361056584747
12.85939512506478,23,5.65015870126283,3.8585287411223037,413,4.505520400608083,35.237430461035565,-120.97608183638721,4.2793152714889455
1.096614651445926,27,6.25195811127152,3.917296035402985,4373,1.638385960234657,35.417103761149946,-118.09930170433223,2.6011331231124233
10.814370041234532,18,8.285509772427805,3.486942737110309,1477,1.8328637984832747,40.664305454060425,-121.40673741988599,0.8699534901256225
10.288216735963209,1,4.097099122141869,3.1443659536367012,4992,4.721715907393309,33.22127856073119,-120.04213758273745,3.622661980884814
4.606065035036643,20,9.519636507719351,3.3000242803807183,247,1.412792045900225,37.51774613641319,-118.62891348152358,1.4943245171455017
1.402045607485071,48,6.776572568599059,2.87084109240214,4256,1.011036081409507,38.90305148160235,-123.96902178131666,4.474603688766734
7.8319647695262695,27,5.294609768503389,1.8039158357306113,1209,2.163838175659687,34.28213524250014,-119.62683627098718,0.9988109517193742
3.5550966897334315,36,9.395157553360965,1.464875846322622,4684,4.196477721374929,32.96892714225464,-117.43692533114442,4.84721026903969
1.9059873810977297,2,3.4790775326485033,2.110802142853971,4709,3.0310074975671655,41.160309706567155,-114.43229525489826,4.286559735213345
11.113865466049583,2,7.0464665267684135,1.8222868609069383,1175,4.901391423314818,35.3762648168557,-117.2276565997814,0.6298661238657249
10.935316984604265,6,4.33905388087527,2.912163810836909,3867,1.911226359134925,33.99574885199962,-121.06668863573479,2.3552851279631932
7.524035142641146,23,7.117095630986225,1.7302218012862371,4264,1.2384914058358834,33.55723386215798,-116.2648513881501,0.7115777458325601
7.793401137130363,21,2.7777770374467536,1.057944000508661,1123,2.8660224611408247,36.183638980803266,-122.05183779269457,1.9692901475321838
5.418931261268129,42,9.649762939970177,3.0975769180311055,4832,2.4097895472782374,33.66950608866863,-123.7166851324917,0.8818058186070354
2.6877198167676477,3,3.6517237303762027,2.2560521656144763,460,3.6850185362672985,40.838311288164135,-117.06722162737746,1.2359543735570746
10.594990920718574,45,5.154515959851597,4.850043980860175,3085,2.730947641374145,36.58931990827578,-123.40122268091537,3.393450169720208
9.872560598978765,43,4.809303530307454,1.8945166972353231,863,1.6665696516568222,33.847009592907675,-120.81140415160822,2.928804205002793
11.853379867354583,36,3.897978996014027,1.048478568814697,3025,3.1542171563317893,38.52200835956066,-123.15495552246973,3.205164040126764
8.965855977142846,19,9.735124188071843,1.1627716814434512,2997,1.781474187606304,33.51410104133548,-115.85054904483705,2.24974853185091
2.7622622966875277,21,7.233046605146117,4.61459965710675,3496,3.7951266804806196,40.37757358288793,-119.70978326640773,1.201891981857948
13.493262978292012,15,3.352902844420841,2.1643282697866466,1230,1.4575465936788734,41.373634165466164,-118.06891981784125,1.7333463759580263
10.502279835331743,14,3.251388462001252,3.957759010521944,4411,1.67858018782478,40.70139848245655,-118.03394882783277,3.6821538397229654
1.5143515979179953,36,8.859429790382276,3.239513120044681,1909,1.6751506126814268,33.677591989667114,-114.08660157843727,4.246225941732682
2.2571792781954887,45,4.713872451245843,1.9712530499215815,4429,3.9650402494006585,39.565700390276184,-119.97209242941084,3.8141846226814584
6.969208530748968,47,3.0607748940380715,4.435563141757095,330,2.3824139447961237,37.60100039219141,-118.55428044451446,4.6672254567609075
9.045456042945773,23,6.331356819145661,1.1630611076331387,3917,1.6120640635893628,39.08014014678188,-123.69529130253943,0.78045068055257
2.2444524938498978,35,5.058666913165359,4.96145287009975,4155,3.282108136479421,37.2989465513078,-117.24589889910843,0.6308472114850006
1.2075547697728644,35,3.482187792238067,4.472165402470521,4169,3.732935887461125,40.74121987654965,-116.74094077223882,2.2434540992272343
8.675834283203557,16,8.144201290289402,2.3266760087053893,2058,1.3493040895511874,38.58372752792311,-117.52927666112353,3.5363971137324004
10.352778877120132,1,7.09182609971652,3.6002743720126293,1752,4.211710224766254,32.44641220433251,-123.54153995032642,4.650750967939863
7.107166564346237,5,2.7380647963088363,1.5866928970707894,2461,3.7293619865220067,32.211882338017176,-116.24856799239593,4.657848702423824
6.779973890521347,27,3.62274658078322,1.6819019475608616,2873,2.231951025952246,35.94452310434339,-119.0333564558947,1.2786548738761248
2.00454966793167,38,8.239248678758976,3.1207294172491276,1357,1.7616047187948536,36.397938944473,-122.09167247143094,2.508884107306933
2.0394329088000847,10,3.1851951069352156,2.3192167167470195,2267,2.4058602208905495,38.339465980159204,-120.55878409936577,1.7360144313916086
2.732241666163187,1,4.751959182721261,3.2862199943862422,4211,3.1725374211215795,36.89766516189871,-122.77436670450213,1.3415395181315024
4.6058530137117595,18,6.534384535610808,1.9078529879412307,4626,2.675261436925673,34.49262963461202,-115.81317194296005,1.8918274450547696
14.789347166282763,26,2.5675502863264237,1.0255966186523948,4328,2.93897225852254,34.6245770387302,-119.19216194502629,2.0068675727808367
4.7492518346913535,17,6.269614363477216,1.9798317740919584,4744,4.776015590024649,37.04555540258823,-117.76464720899487,2.738686536289349
2.0203158951851035,31,3.4674458662493928,4.174268831209462,3920,2.172493228997808,41.13376948739554,-121.39496671922473,2.9793550663815482
3.3377275701841516,8,7.857347961717121,3.4165526782965006,3789,4.683952320168127,39.303172017609384,-114.51467316966705,1.9565874798196368
13.591412701222696,32,8.35400365997797,2.3407605271379426,3984,3.1328810130623506,35.32716176708893,-115.6223507533724,2.4330310762111553
6.775757071205854,16,8.093022531520104,4.808359196922067,1729,3.174479831239693,40.07450190103716,-122.71818812427189,0.8959012092972121
14.764188223720456,32,8.000837060642976,3.046041595687913,3967,2.7587377395376738,40.136058436607485,-116.35742876633344,4.319666932749016
5.792831053879777,16,4.043195523414786,3.1232010163995074,2599,1.5116950896601593,34.927263771938954,-117.98687925787561,4.184906857678086
4.854848195384602,16,3.9092096767397297,1.4506255373314794,957,4.526513933128914,35.50849662503789,-119.59702741609824,3.4243411474898733
5.347837678403832,27,5.934614773799656,1.2125550076991445,3036,4.362280652297657,41.452624094723376,-114.42445465210525,4.615513452892383
3.633082134877477,27,9.45925034862144,1.6759137790652674,1195,2.962453325575251,40.0299977989545,-114.20176060053038,1.121441855363222
1.1080029774987092,26,7.3109954581036645,3.9334505935316892,3327,1.4320651915019198,37.14198861694165,-121.25262070792517,3.0281828416436944
14.198789589700258,43,9.339050114231563,2.525175035859029,934,3.5283139994498924,36.191549087050376,-123.84124508428302,4.956940932450808
1.8408608501484807,44,7.377026113045688,2.4449494962187344,1737,4.611818199691147,36.34344778575174,-120.7878095006609,3.263285312150417
6.963450742928932,10,9.433934317740281,1.3758954762286661,299,4.359542932968472,40.54029948723986,-120.53916476004925,4.273524961054314
4.2920148312172,25,3.225069625445008,4.68227625116568,1932,2.095096789544598,38.72455598291878,-115.18506319516348,3.5463669738846435
5.588711228841703,23,6.997169911619399,2.0993940106911553,1003,4.713470806093797,35.70812750059777,-118.33406862701815,3.3142628497416204
13.184965542482557,10,5.899949750006443,2.253604638527177,4043,3.490595695250473,32.31004488156142,-118.32264724537288,3.4854641017399626
1.4681364567652115,5,6.478000115935728,1.6520231620113721,4281,3.0941921197890565,37.40374344577409,-118.87381177549669,1.0959260546721357
5.608050056899276,14,2.0446593205305836,4.7480140841831195,3283,3.86060559625222,35.85625876480706,-117.59568389389221,4.863119917465839
8.428168497067361,42,4.931775442255035,2.1545769632178033,1222,4.361336798518861,34.77975226569559,-116.16813353317194,3.7312791926826816
2.103928680422798,11,9.933199473138387,4.73786519833488,3830,4.375651361847076,33.02296470178961,-123.01256347737718,4.103559659321888
5.860907432139076,44,4.941704127723692,4.280925220100096,1873,4.292004107860811,36.70946162158084,-121.86381221560106,3.1600752077010323
6.196086387219979,33,4.375144015703178,3.9315189381024584,2972,3.6938056001094512,33.764738123693135,-119.00878639905469,4.794864698764055
14.804951953072742,44,7.8893582729284715,4.541269816233649,587,3.3084519276007156,41.87971144381482,-120.01414570602812,2.4216944137432828
7.915599570956007,16,5.277568035824862,3.4055227193775854,1943,1.8907179892880652,33.4447941646548,-122.99235884196726,4.557627619374132
10.280510939893123,40,4.1267751957524155,1.830841890748168,1728,4.492469690348468,40.394961474899105,-120.54668105242966,4.135125907201916
8.360358270303976,1,3.6470700074033946,1.0470039060807688,4087,1.0781811613554573,35.164030695057434,-114.05500295289595,1.3411698283025313
11.162276302872042,11,8.186222552447862,4.433578599515836,1815,1.8546539338177457,40.101759763835915,-120.40973046590656,2.8543796821717593
9.03448096600833,14,4.6862912037748625,3.7040004229791577,3162,4.203969300526674,39.40095798846457,-115.66897249383852,4.733342334647721
11.156514968533424,43,9.433823142123043,2.3343404857458636,667,1.3463802469476471,34.62345527499624,-118.43186513380246,1.9381282221731497
8.574325616888359,16,8.368747829932818,1.977679587608629,4546,2.202083588947828,36.01689112943964,-117.10082491101441,1.1305789826352588
13.208634245678418,1,8.978010005075713,3.5073162713011024,4084,3.005538526588577,35.96661063952514,-116.92757968122042,3.9362505613167436
2.3116666954485927,23,8.816780477955083,2.295641506726275,3899,4.0388032197245884,37.97383763236191,-119.97852842014537,3.556951408707911
4.871879664710575,45,2.6767279428905786,1.3526029664170256,2937,3.5499236948562998,35.93526408210481,-121.55713680584776,3.9765630551809976
14.558799210959776,10,4.469011752476728,1.9360545754085,3549,3.516140336065931,40.87482158950392,-115.27169133936125,2.7181214000865017
9.107163147987851,26,7.499432804038702,1.5204996918018931,2648,2.613186566388386,34.93941988218975,-118.37851084969569,3.1422090729952834
7.004783994229321,4,6.750103414658171,2.187898312488773,1561,2.865488096810105,38.06968039585633,-116.1680243309868,2.439784614311658
2.1372666994405174,31,7.195816119208799,4.9199114548099345,399,2.8530658009209104,38.84610308257873,-121.15616017612199,2.8010807543132663
1.3439577190881182,44,5.5333512036637105,3.8523866259569766,1853,2.8370668760460576,33.797633411417685,-116.47578107321843,4.611820981836093
9.397831710870069,31,8.281799543986121,2.9230566426179516,3006,2.7658448626745127,35.06053634313327,-122.50462894108979,4.512545717049401
3.773698387598804,41,5.133147707473569,1.47727551167175,2516,4.098195636439241,37.74519097812924,-123.0854418762444,2.721954744449486
10.942232935923936,15,2.1257335928575243,3.722945985191298,4902,2.94222966386631,40.466313452279145,-117.55509487279441,4.770678249809012
13.057104765970386,43,5.217410958358576,1.8433823821142123,4666,3.394791726402293,39.17197354685943,-114.86345639608336,2.195696196717706
5.2796370770164325,41,9.063056244860746,1.105182239359586,639,1.9516111902083404,37.20585600443166,-120.53239148305798,2.1940672181291356
2.087747999006303,14,4.553576423011372,1.1215384624042621,4826,1.3779665491682183,32.02896133828546,-114.89162653683181,1.4892843147951162
11.689098223842187,12,4.979747842775429,1.2319023062160235,2947,2.078637732375713,32.657433394838776,-115.6626913606261,2.3383664493618674
11.585099034270268,23,8.96371867045898,2.7851357744105236,4105,2.7375329627239413,32.90081834123646,-121.02335172072421,1.4132259378562746
11.094232982864467,5,9.649969471191806,2.1041747855835893,4976,3.318134866680843,32.02011381141198,-117.7417869618844,3.30167074624458
11.705354513700719,39,2.3463976870454113,4.572791789219285,1230,1.9378667241033631,33.97890549342374,-119.25198783430838,3.16278885947192
5.121876174162207,47,6.093448874813176,1.995859518927277,1846,2.1921987901685163,40.472966958655974,-116.80596416221991,3.437993492502363
7.969240678765427,18,4.734561333199152,2.195446083735474,4055,4.681180377733634,39.843537830208724,-122.68039844379572,3.224542307162925
8.694315485676224,17,3.885527764247122,4.815954321073331,4134,3.9508352348848597,38.44030898180181,-114.20880083831746,2.8934565431550427
12.461244647216638,12,4.175600218306913,3.642597322076573,3032,1.0080679683698581,32.80852127450034,-119.69565653598163,3.1363473966133055
4.63008560056476,3,7.023814587531533,2.4575283291076397,1808,2.4874241468795417,33.019665969278364,-123.39809235680397,3.9618458135377823
11.947815140426105,42,3.522571771703947,3.134191025099149,1691,3.328843025153501,35.18345606128127,-117.38425431336788,3.6913204223235465
14.598156168220324,41,6.0556803937320565,1.1384426606660099,2513,4.5695906026456665,36.191165461004815,-121.24033864576741,0.5941837645257422
4.835400536402771,10,8.790835394789278,2.672442538745691,2866,4.824530342116564,39.79583883615922,-120.95008869635429,2.2057894093296646
12.54821504324636,29,8.806281808102241,1.0675264951266077,4486,4.436885037665881,39.990421117048655,-116.90596152274759,3.8298150392166797
1.422771831100982,15,7.89842070073408,3.4207901882492258,4109,4.463822740540063,36.98999302638785,-123.44302472410105,4.366248063526587
2.443903930450992,42,3.8068821452575543,2.2607732282026114,3507,2.534192848938121,36.31540936489727,-122.54635140428087,3.0736653772210323
12.125954667295797,29,2.968353025094048,1.2775948751304993,4585,1.1056580922326846,36.15219397654528,-120.351136336246,2.6433334149974375
5.227641299682764,44,2.2885714622254643,4.32451808702832,155,3.163891943329301,41.02710339607116,-117.63547713178028,4.204468057776147
11.394315290439732,38,4.520565381481562,2.733773345093097,838,2.1494931494386424,33.16627424209781,-119.09816555709824,3.44057291054509
13.047973312726585,12,5.926990054442996,1.3335302371324604,3380,2.0487777659201796,41.44592701166691,-114.1235856686456,4.580748780612592
3.566178382456757,21,3.4671864202053255,1.9351994381193798,534,2.789062313487017,35.26971539341272,-121.73272539843948,2.0750824630109226
7.958696940619391,20,7.521670373568987,4.566947721870651,2503,2.5312285143179265,39.66252003415647,-123.03498820613198,0.8781342166510915
13.73058268407013,45,7.132437190074871,1.873831979735502,1536,3.0260787139103096,41.99138244305765,-119.93487441670612,2.704523558328565
10.052916103970569,35,7.7441622195066016,3.130499653436746,188,1.7795210574106761,32.57516922459958,-120.09247244842611,2.3757254443397136
14.034406907071618,16,3.928446185083538,2.977002709734673,1980,4.800041510143821,41.26889008474113,-116.76933678053084,4.727467400348804
7.812614107935955,46,2.3383178832708307,2.1098395198224553,2792,1.4843515136808785,40.17743096495123,-121.18523794924735,4.453765911853297
3.089219598187243,36,6.036218801998351,4.476169965191904,4361,3.265817819657592,37.54323824592073,-117.60589205001439,3.2314760064351535
10.632816235130887,16,5.480365249328032,2.822351260585222,245,4.278554755921128,32.18551100768054,-117.15763606348892,0.572101121247492
12.104699090667207,29,3.303259480407326,1.8562669321794156,3243,1.5403229451507152,38.78965743281287,-118.81828298273749,1.3683896936446276
5.943086125439818,24,6.102065998535776,4.212952345114429,1879,2.759565319704932,41.948564368971034,-120.0097247927539,2.0504784158773366
10.444696977308386,47,5.5914033127957,2.97069442733898,4629,4.185560267168688,36.21549369942065,-118.6268597777882,2.5806152390744375
6.073069932717964,38,9.87930928158715,4.751882207201094,2199,3.9910264077415065,38.41124568043212,-120.38039319672073,2.768600986958366
5.899755182667244,14,5.7881949593375035,3.6155190801933665,4389,2.2561543478042636,39.00617588965852,-115.92863951065993,4.659223682514638
6.601256665441044,6,3.9954746704488535,3.765912219686627,3369,4.18787273394617,36.72121727053336,-114.63499100012133,1.889276278203812
1.2052988368815711,39,7.193771451156216,3.536615487898397,1345,3.339598794396963,36.654288568855435,-117.44600190907057,1.9482741300105255
7.113485991368711,3,9.482357259152128,4.383903350720277,4506,4.545471901521344,33.81042245246689,-122.8802008570655,2.975659797555882
1.8761826234801222,36,3.4537064133524202,4.77291208944983,3928,4.637582850063046,36.93497278285274,-116.57952040506682,3.5479086813800147
1.8375982858043736,12,2.228370393323975,1.7416994258362313,2638,1.935469115870685,37.63642875957739,-120.09534504828864,4.28187103778836
3.894772345845299,35,3.0085971515184644,4.465191044556008,1914,2.979092536203634,34.265758128265105,-118.83546059765925,4.662643896574304
5.144815361372248,9,9.18619549280896,2.6082539567876695,711,4.467019711839178,32.431194917854484,-116.63295551617566,3.3893361091966896
6.401460051676608,42,7.61784285742179,1.9868507210999637,1453,2.2944628018746327,33.780105065889686,-118.59840097709332,2.4253851265721122
6.775830228034674,40,2.4633436841516643,1.1025628212612242,230,1.972412006575238,40.11702893229382,-120.59418759622523,3.4132440497541827
9.07961170862444,40,3.244033868408991,1.5702985290222111,4084,4.584191915658499,41.431019288689704,-117.93428025119098,2.5764578915486487
4.002043804501493,3,8.51477030478583,2.9705287861903353,2465,3.5931762579014475,41.75856835927214,-118.79867774592499,4.994097028230452
8.433092981116038,26,9.691522429038656,3.7508951363050156,3112,1.0743377225896786,39.954641464763085,-119.24976874724675,0.9244961926655595
11.753505681864338,44,6.360754783236913,2.1464241956500287,1289,1.7843748869555163,38.619802964596964,-117.45173901586188,1.8816405597314487
7.854305692671527,22,2.7353668838419356,1.580588770315043,4834,1.4390971734094293,36.72126914100482,-117.06101630375537,4.042812732312813
5.655406220044583,24,6.612843844037961,1.9874062110524862,2376,4.989301362525263,36.00218080853921,-122.30910437552724,4.944262917466607
1.4384135325544887,46,4.10496301745159,2.531297081829849,4718,3.80855011658742,32.246397205736365,-122.858007767718,3.8057313012269143
9.16933981237477,25,6.8102106341955,2.544025556427091,1124,3.8316524864532138,35.716280526570436,-123.48640689812947,2.30304251753697
14.848155258231735,32,7.425605266935568,2.4267718171320465,729,4.601584214769975,38.2105862613625,-118.28695279302215,1.7347891241171471
2.657501932779076,35,6.894375208370107,4.951423579521233,1673,1.8516752906674343,32.62910342463965,-115.29938535529567,1.14749233442524
14.138310723104295,43,8.156989888857826,3.919875822566636,1546,1.166189970258599,36.21221009016695,-115.9319259963836,3.0344763775605026
4.084179866745351,4,5.5065055565376,2.9407383472322985,3067,4.570188244233117,34.231787920207175,-118.66019519394551,3.806560162158233
14.168199399605289,42,9.495749827643909,2.8681098898647766,2474,4.141862721444706,37.07605649744147,-114.82402408808606,4.444344281872786
13.10961441787448,48,2.4383844731874458,4.538825795414849,3672,3.2294622890017806,40.71295210008693,-120.87759020348025,4.441129396962175
5.779929413683055,44,3.4248914927685874,3.3673015580529655,2793,3.4147053403968077,37.732348659115026,-114.71669287384947,0.5570681830399388
1.6301542636166835,47,4.9846624041494305,1.7872966425223957,1537,3.984573134320324,33.075073847740306,-119.42514502492048,3.365632964556399
7.0027032602694295,31,7.762659671623535,4.323229626163751,3327,1.1284573634758162,36.31196159506014,-123.50810518960539,4.219889026956686
10.97688949515097,28,4.531571267061126,4.3773877780639125,3375,2.3453220729996707,39.097539971362835,-117.497366584499,1.4472632955807079
6.017236120276757,11,8.961108579874159,1.0244838677376609,2030,3.6867259503725647,36.76095125155018,-122.96000519037383,4.414243918688684
12.64179537337219,4,4.7145141059082585,1.8891492060164383,3020,1.6543700656484308,41.1257384463955,-115.918498768662,1.2412651968062023
10.085844023334634,36,4.354618255842861,2.012685788199003,184,1.1019217770802996,40.14576191720704,-120.3103237887787,1.2696712867070183
11.727304552859925,11,3.187161790910155,1.0196049679376875,4675,1.3216144150043823,36.24124481892773,-114.35001698471201,3.7848325091710486
6.689634220292483,12,4.591433968839914,2.2959971265248753,1410,2.2448298777873408,32.38049933778975,-117.65777673912999,3.695216969139513
7.579973538042594,34,3.4425612292532586,1.408354248910877,1727,1.4606271939254518,36.73511658132354,-117.46880516739391,3.5761016412494016
5.36692151677358,49,7.747363350308405,3.6051800601455297,2682,2.910703916846406,39.42201970725744,-114.92326919108386,4.080422601808928
11.377486932959647,15,7.363605211527847,4.497814353240458,4327,1.6134620193350013,33.59566206352555,-114.42910781530139,4.208264849121787
11.33346395509371,33,9.694249340541344,4.101873859857369,1038,3.5516243137055588,39.59107279263364,-119.87969022555029,1.4688606553623107
13.750198658898592,34,7.324410254351711,4.630361330069139,1933,3.3981502135762267,32.87934953637174,-121.99145207695437,4.314675599736395
1.1317728764361705,32,4.895120210740865,3.2220673653204557,4174,1.6711562193695175,37.83052077189992,-122.15169260573578,1.3076292390994826
9.35609515262468,30,6.369574578198765,4.98357369209879,3984,1.6917143265902075,39.7886013683153,-121.66239743507897,2.3178001399488615
13.355691426080623,8,6.742849997987486,4.341811388713815,123,4.456434687839446,39.88015911245938,-123.40020805465393,2.858698247788586
10.46585910862008,32,6.547348922529417,4.777744835092879,4432,3.162329444308835,32.52415403793818,-117.10188675311768,4.044893297189478
12.192850407402933,20,2.9649207582742987,1.90556857062957,3473,2.8187377907948266,39.75114763283869,-114.9027638425869,0.785455458938231
3.8158146616611908,15,3.0938381618123856,2.4984900063480193,2512,3.1028479572591228,36.31627977083221,-114.64381180225065,0.5647176104915876
3.7897616597803525,40,4.638427509932557,2.311244534799546,167,4.701589250019923,38.668182176602315,-118.33164483945247,0.5818904586040581
6.851314820769064,20,8.975238238765382,1.5918185279839938,3424,3.2848778396622897,37.28598446892089,-119.9917189367066,1.5299961318144382
12.198964902798071,5,5.949571555700967,3.1057480569881206,4156,2.9248824597411685,41.0045411763713,-115.4475697277962,2.1663265797348368
12.567632400438795,40,3.012298882250289,2.1029011343870865,3808,1.8265756213623523,33.9566346981542,-117.27369048996276,2.5468064006448308
8.768325799504902,17,9.232996637919518,2.873190870040427,3216,4.818019247292536,32.866395403724574,-118.98207396815329,1.1072020288747653
3.2794739427319155,21,8.005262449290296,2.0326804968717935,871,2.804417484393105,33.037655853430465,-121.47661772854137,2.6035180629348686
6.19259879284393,31,7.091180210516996,3.9023587309684404,1828,4.650972946613882,35.979858497337425,-120.99781160379639,3.07178988635738
13.579767095406087,13,5.725976697485268,3.472705711378943,2888,2.6954279687501033,34.29058451513158,-118.39218923894741,2.706150954986947
4.431107073263844,23,7.941706125833539,2.4634718404598868,4196,3.9895671803801367,40.51608668357177,-121.22290582206575,4.531251594740188
8.653405776095184,2,7.083082897677284,2.7782626873362983,1661,4.996227000478151,35.78461438620705,-115.73609425478881,2.0672954248908444
6.536948234638039,31,6.217196224298073,4.337978442533743,3866,3.6709521080536516,35.26581072351653,-116.85982346208966,2.5820314425579833
10.963237933840695,21,5.221114700649966,1.1721941596968724,3505,4.197345251554125,33.03283004722237,-117.60958650605649,0.6949376824466593
3.103744241393076,24,2.5006068976341265,3.138247349061524,2184,1.481937335262547,35.81728852873426,-117.59327835457701,4.323950394206429
14.765267451406991,21,6.835379277209922,4.907743155379032,2657,4.497300603764481,32.28895193904323,-115.6066523057461,3.1328333762065226
6.230917066106757,34,5.946861674380523,3.8826812604593,1637,1.2247871131510633,40.80396465435923,-117.93432667503168,3.0660273727579828
8.049502862411089,2,4.872457643393884,4.3583914455040995,3039,1.5234619100789177,38.134757082677865,-116.3170838476242,1.527308087228272
9.310443127737894,7,7.9136242664553835,3.1684902646783533,3749,3.280094796468479,33.6053242464115,-118.79175266058027,3.2923820225967777
2.3960612919647577,24,9.015937789572039,2.8327685279590806,4386,1.1706098021775566,37.12688598076881,-121.15565114422822,4.784340661949966
1.9572754055815385,7,7.2348925010886695,2.181081509665913,2138,2.7064123603713464,39.47574263516605,-116.60838534453718,0.9688203635545767
5.1562968191160685,35,6.350639262279099,3.2484742051923154,3542,1.0205526345313523,35.17630241310331,-123.53430476866248,2.566240486653116
14.04805134166745,9,7.59755779866613,2.26948849879005,4193,2.484043030766641,39.35194777456438,-117.08355197652803,1.3391944026231382
11.556611134815318,17,4.662334399471497,4.722138376695368,2952,4.258012886039122,37.34315721732214,-116.38260724657256,4.889972406650937
13.712101342455835,29,6.332254026486815,4.125900777593731,1084,1.552916715823053,34.60067189965399,-120.14476261747157,0.502770079930319
8.463617204998958,31,6.516906691166165,1.7670989477890324,1684,3.9695372917846727,36.35818280369732,-118.50387082524738,1.1470342031112044
8.900462577508147,19,8.405954933479347,2.1318770023653664,1173,2.967180964574578,40.03311239293542,-114.52457123563329,1.3167848268543694
2.696767360329921,20,9.521643406363472,1.675972573774799,2479,3.2870134993472844,34.81267277705597,-115.58019279156767,3.5272109481492677
1.6109387626812948,32,4.6455629894928165,4.188162334284096,2733,4.900778190530831,40.464065389846894,-123.88241143853644,4.098037268326243
5.364501835720497,38,6.160547091746876,1.5428305623891974,322,2.6918174827411603,32.61014168750182,-117.822986737788,1.8237956781518445
10.612556439917766,37,7.639361221222774,2.2859575735460425,933,3.7248576626267678,34.120820835764576,-121.79322713766264,3.2605381523628876
11.476710627241248,4,3.3810547710196754,2.2646404666507567,2519,4.971507793077953,37.78636216884696,-117.69537274108617,3.1603641764061337
4.544717350365098,46,7.366840695965206,4.240564487344228,1589,1.1062599632430374,41.93837687296421,-121.00959101709498,1.5659770728711266
10.370944835038374,44,4.070478959752875,1.4257820884717871,1612,2.024240689491478,37.16102473738914,-119.10658182530983,4.905965286542356
12.389384856920447,5,7.712852093936869,2.972127587231458,4982,4.822206691212637,34.11661143680143,-119.79367090356874,1.9120719403086768
1.3926678142494917,17,5.582440104558414,1.1589032421143708,1042,1.6310909747630369,39.434504017789195,-114.65528256202487,3.557425044931682
5.020648928210429,47,6.831165992392454,2.7629346569233455,3805,3.1063754401938684,40.03543235385362,-116.89755741202555,0.6977363257453679
4.278833837826178,13,7.456208369508745,3.8461302158172317,141,3.794591528775686,41.03151447124283,-115.41431609808267,2.2119871717539636
1.3770223779761623,30,6.117750077206763,4.579449398303378,2842,4.085702273595791,32.11658972784966,-121.65091798415628,2.983800966472124
3.458906299479705,46,6.602794268849021,1.4624377705842408,454,4.569950301868257,39.35214682855564,-121.34084231439036,3.395039970067132
7.413347004031344,6,4.7517215587555475,1.4386829980101363,1750,4.609300317587993,37.487417270821076,-119.98007427027696,4.242999738583155
3.757065151847451,3,6.831101116716791,3.215928830999245,1646,4.656965750200157,37.5849041584558,-115.85063149901221,4.6903537630475745
13.826521244583565,32,9.83138832426863,2.2675923719094073,194,3.600835945266962,39.51099064164178,-123.70601327360104,4.799302796936821
3.1682030343066643,23,3.874321684909895,2.39706139536032,2127,4.5966314097276175,37.27246048522464,-120.39860177617054,3.97218072967489
2.3277654152147997,32,5.377536589204472,4.751213595171922,481,1.895586986116776,37.44193064321869,-117.91028730905956,3.221472809805688
6.985724095411176,46,4.52790586061626,4.028995697706891,1678,3.4727342522648468,35.33635447356252,-116.25344154420739,2.4340747256085855
11.770576854976305,23,9.648215955444734,2.2538078093701217,2304,2.001997621746901,37.32984784152114,-122.04714236144387,3.1952258254960153
4.928336103323312,49,8.927914392163832,2.4472626920348293,2728,1.7901274029010636,40.6377371787795,-123.3824727144208,0.7253326338263164
2.812522975258724,10,5.611141798225627,1.9026951023992078,2968,3.785598220839585,40.30061048103863,-122.63809592929837,3.470729807384705
2.7459641233467385,25,3.8007245211226355,3.0682677830082943,4442,1.6038060824341471,41.336664724799334,-118.6282917500338,3.107738590041624
10.958881511530292,37,3.665299599488238,1.1167720297774628,754,4.190858471160691,36.656547082150716,-116.54491138620541,1.189853893891164
3.1587605905673444,34,4.940302453607117,2.991220685411779,559,2.3002411534781464,35.995112873588816,-123.70677767891354,2.693574139002349
8.246780076029566,30,3.5238637256183427,2.7773925001567963,2030,2.6720922069869557,37.05433519757895,-122.32893305021085,2.906868490223059
2.1329349260877986,33,2.4543433107207377,4.508057219101174,681,1.1841219181309084,41.28721279202847,-118.54185197955887,4.917289900873272
14.514804531371245,9,2.811389227598112,4.379348434145755,1719,3.0927287694067176,40.376606115401266,-121.13624009652956,0.9083135935425936
9.618705822314174,18,3.494920693476536,3.4872819251253695,2522,4.213671715849888,34.73685041340023,-119.5970696565693,4.518259613324116
9.271139387793218,4,7.413109099939263,2.3367816618269623,593,2.2552316907590204,33.475253886040534,-121.16308686053524,3.9002932188576382
14.939093027727319,30,6.468944981466737,2.480941650701353,4621,2.5504404465478996,40.99857232748461,-116.26601397458757,1.613109966313622
6.410897926483713,31,5.934395004208604,3.6308210476575034,1143,1.7071258597189534,34.1501468368186,-120.76877554445406,2.0880496708965737
5.026427714222376,21,4.618990144916425,1.2089397915467877,264,1.848097061003501,37.736838939445654,-120.13347356563277,1.1986222166204716
12.551684444671338,46,7.832170226300356,3.1037107598054456,2336,3.5553882937308794,41.62148897455094,-117.51116547655398,3.158132556399529
14.513927269395921,4,9.299213773177847,4.28170391277336,4744,4.640112939811927,32.482926944456345,-120.82934381265089,3.3732281368995407
12.141523404868037,26,7.850192798583239,4.572540016008978,345,1.6497513075757242,39.07839230318618,-116.53130092668638,3.7202389489206853
3.6466414027370995,34,3.81327874674939,1.6746751613766744,4616,3.3797171434940245,32.05585984568759,-119.75891750967682,2.107444567292283
11.509974705971272,35,7.635270802575835,3.1100244417887275,4209,4.6781441320473025,40.153259435469494,-119.98236037535224,4.789785380035011
